[
    {
        "mob": ["minecraft:illusion_illager", "minecraft:evocation_illager", "minecraft:stray",  "minecraft:vindication_illager", "minecraft:snowman", "mocreatures:wildhorse", "minecraft:skeleton_horse", "minecraft:zombie_horse", "exoticbirds:pigeon", "minecraft:elder_guardian", "minecraft:guardian", "minecraft:villager_golem", "minecraft:zombie_villager", "minecraft:witch", "minecraft:vex", "minecraft:creeper",  "minecraft:slime", "minecraft:enderman", "minecraft:silverfish", "quark:wraith", "quark:forgotten", "graveyard:ghoul", "graveyard:reaper", "graveyard:skeleton_creeper", "graveyard:acolyte", "minecraft:zombie_villager", "minecraft:drowned", "minecraft:elder_guardian", "minecraft:enderman", "minecraft:evoker", "minecraft:guardian", "minecraft:illusioner", "minecraft:phantom", "minecraft:pillager", "minecraft:ravager", "minecraft:skeleton", "minecraft:slime", "minecraft:villager", "minecraft:vindicator", "minecraft:wandering_trader"],
        "onjoin": true,
        "result": "deny"
    },
    {
        "mob": ["minecraft:illusion_illager", "minecraft:evocation_illager", "minecraft:stray",  "minecraft:vindication_illager", "minecraft:snowman", "mocreatures:wildhorse", "minecraft:skeleton_horse", "minecraft:zombie_horse", "exoticbirds:pigeon", "minecraft:elder_guardian", "minecraft:guardian", "minecraft:villager_golem", "minecraft:zombie_villager", "minecraft:witch", "minecraft:vex", "minecraft:creeper",  "minecraft:slime", "minecraft:enderman", "minecraft:silverfish", "quark:wraith", "quark:forgotten", "graveyard:ghoul", "graveyard:reaper", "graveyard:skeleton_creeper", "graveyard:acolyte", "minecraft:zombie_villager", "minecraft:drowned", "minecraft:elder_guardian", "minecraft:enderman", "minecraft:evoker", "minecraft:guardian", "minecraft:illusioner", "minecraft:phantom", "minecraft:pillager", "minecraft:ravager", "minecraft:skeleton", "minecraft:slime", "minecraft:villager", "minecraft:vindicator", "minecraft:wandering_trader"],
        "result": "deny"
    },
    {
        "mob": "minecraft:zombie",
        "speedmultiply": 1,
        "healthmultiply": 0.5,
        "minlight": 0,
        "maxlight": 5,
        "mindist": 30,
        "result": "allow"
    }
]